{"cameraMode":{"drawMode":0,"name":"Shaded","section":"Shading Mode"},"sceneLighting":false,"audioPlay":false,"sceneViewState":{"m_AlwaysRefresh":false,"showFog":true,"showSkybox":false,"showFlares":true,"showImageEffects":true,"showParticleSystems":true,"showVisualEffectGraphs":true,"m_FxEnabled":true},"in2DMode":false,"pivot":{"x":-2.3438918590545656,"y":-0.5909125804901123,"z":0.5104605555534363},"rotation":{"x":-0.22303520143032075,"y":0.6743956804275513,"z":-0.22559311985969544,"w":-0.6667535305023193},"size":3.1139352321624758,"orthographic":false}